{"2IbbYfPwOTshq6GKagaVFA==":"80877-1547780436-330x250.jpg","NlPawP/Vu++brjCufV04lA==":"bekgron-1363x756.jpg","ArbKCXmjKrH9SD1aUco37A==":"prasad-2006-l-res-700x700.jpg","rc8TxLDlzCEp+ZRVsh6sLg==":"rsw-cropped-230x230.jpg","DNRJvCIN//KmIVlq/K70Xg==":"ohira_2c_20eiji_20135x-156x220.jpg","HjAGgoIduWVMGtPmFOrDlw==":"ramli-1-279x279.jpg","BeDTv7Y2RKTyQowSQsZzVw==":"ramli-2-279x279.jpg","tnff+MPYWtwj+Bf3vlF2yw==":"ramli-3-279x279.jpg","KvzQgWVTdWwU41OTjYfgag==":"ohira_2c_20eiji_20135x-1-156x220.jpg","yRs2dMcZ/8ibKHBpdVIBrQ==":"ramli-4-279x279.jpg","4hK0CTOAdywATJDMOdMBsA==":"eniya-listiani-dewi-1-409x409.jpg","6A7urVd5+qImdu8EQDcsmA==":"eniya-listiani-dewi-2-409x409.jpg","i2zAdh7vysLK+169db3S5g==":"ramli-5-279x279.jpg","6IgHDpkvs98VrUDQw4etDw==":"ohira_2c_20eiji_20135x-2-156x220.jpg","Fdvzndes2u8pieUNbAE1hg==":"logoicfcht-110x31.jpg","naNRsnAMmwiowlMKExu9fw==":"logoicfcht-432x122.jpg","O/cNYAZYPR5E00tK2ADkZg==":"lipi-240x340.png","ZQ8NGU90Dp9oOKfhF8b4gw==":"batan-317x320.png","+AnwosQMl/cosTUEnLmK/w==":"usu-ristek-942x482.png","7hBHvzoaKHLMv2DEsT+Ylg==":"usu-ristek-1-942x482.png","WkUNcBXijejKMQP+D4iPrQ==":"iti-1280x1281.png","4EgdqPiBu27a0JN4CMkOCg==":"haluoleo-941x949.png","6JYMHlaGFz0TqtPjAInZaQ==":"its-1557x961.png","rCZgJ5qM7tgBD7vKO+656g==":"ui-277x300.png","feZ4EQvSN/vCG2JhM4yLbw==":"muhammadiyasurabaya-987x981.png","i/Fxk4yfpde4ftC1Pqb/Ag==":"univsurabaya-524x597.png","pQgLqu3XJJs8QmLuTOZZxQ==":"kemenperin-1600x738.jpg","TtRtfdQsm3AU81Z2vh5YjA==":"kemen%20perindustrian-1600x1200.png","JZQ4E1fntTLSN9K/klqmcg==":"ristekdikti-1600x1200.png","CJtE9FfOMWU0Ewd0CFnOXQ==":"lo1-301x294.png","ffNFT4QXCsRokRqpWXiP8Q==":"logofuelcell-285x120.jpg","bVF7QJjEBbbye5STYAbf4g==":"selfuel-2016x1015.png","ryIE4dEvPG9eYWz0M799Tw==":"jurnal3-574x518.jpg","+yewBH3SRMOPaeJU73LCdw==":"logo-inafhe-fix-300x46-crop-1-191x46.png","ccFRq2sCf635r9Pp8a1Q7w==":"30653224_1046835365466986_8446554165454307328_n-881x802.jpg","IBKdHUcbgLXJyo9D3/p8pA==":"inafhe-logo-352x257.png"}